name,school,position,actual_nil_usd,predicted_nil_usd
Nikhai Hill-Green,Alabama,MLB,400000.0,265116.25
Deontae Lawson,Alabama,MLB,800000.0,1.508315e+06
DaShawn Jones,Alabama,S,400000.0,507204.75
Germie Bernard,Alabama,WR,500000.0,1.0129773e+06
Isaiah Horton,Alabama,WR,600000.0,727260.06
Domani Jackson,Alabama,S,500000.0,379269.7
Keon Sabb,Alabama,S,700000.0,355507.12
Ty Simpson,Alabama,QB,400000.0,1.6134242e+06
Jah-Marien Latham,Alabama,MLB,,306358.03
Brody Dalton,Alabama,TE,300000.0,177958.39
Peter Knudson,Alabama,TE,,102929.38
Jalen Hale,Alabama,WR,,57250.098
Yhonzae Pierre,Alabama,MLB,350000.0,594658.9
Josh Cuevas,Alabama,TE,,226215.44
Danny Lewis Jr.,Alabama,TE,400000.0,124933.3
Cole Adams,Alabama,WR,350000.0,206946.42
Cam Calhoun,Alabama,S,350000.0,367338.62
Bray Hubbard,Alabama,S,,2.6558545e+06
Jayden Hobson,Alabama,TE,,45233.008
Zabien Brown,Alabama,S,300000.0,445390.56
Cayden Jones,Alabama,MLB,,52746.617
Austin Mack,Alabama,QB,,598880.06
Jaylen Mbakwe,Alabama,WR,,347403.97
Zavier Mincey,Alabama,S,,163149.92
Rico Scott,Alabama,WR,,114869.07
JD Baird,Alabama,MLB,,328115.56
Prince Butler,Alabama,S,,846291.75
Peyton Fox,Alabama,TE,,102929.38
Jay Loper Jr.,Alabama,WR,,261069.22
Vito Perri,Alabama,MLB,,114362.984
Cade Carruth,Alabama,QB,,3.6209602e+06
MJ Chirgwin,Alabama,WR,,486466.75
Peyton Yates,Alabama,S,,829054.4
Kameron Howard,Alabama,S,,178110.52
Dre Kirkpatrick Jr.,Alabama,S,,171083.75
Red Morgan,Alabama,S,,177463.52
Noah Carter,Alabama,MLB,,21672.46
Lotzeir Brooks,Alabama,WR,,374261.66
Justin Hill,Alabama,MLB,,20023.69
Dijon Lee Jr.,Alabama,S,,207951.06
Chuck McDonald III,Alabama,S,,153107.03
Keelon Russell,Alabama,QB,800000.0,702641.56
Abduall Sanders Jr.,Alabama,MLB,,45459.58
Ryan Williams,Alabama,WR,3200000.0,1.8438084e+06
Ivan Taylor,Alabama,S,,132841.8
Jay Lindsey,Alabama,TE,,54729.44
Kaleb Edwards,Alabama,TE,,164839.0
Derek Meadows,Alabama,WR,,45137.816
Jack Sammarco,Alabama,TE,,45233.008
Justin Jefferson,Alabama,MLB,,267348.53
Qua Russaw,Alabama,MLB,,23034.51
Walter Sansing III,Alabama,S,,348148.22
Jake Ivie,Alabama,MLB,,114362.984
Kolby Peavy,Alabama,S,,296254.94
Conner Warhurst,Alabama,S,,348148.22
Lane Whisenhunt,Alabama,TE,,51889.977
Marshall Pritchett,Alabama,TE,,72670.16
QB Reese,Alabama,MLB,,54750.27
Luke Metz,Alabama,MLB,,35557.832
John Cooper,Alabama,QB,,779772.0
Griffin Hanson,Alabama,S,,195607.84
Cole Davis,Alabama,S,,195607.84
Cooper Mollison,Alabama,WR,,57250.098
Aeryn Hampton,Alabama,WR,,45137.816
John Gazzaniga,Alabama,QB,,546104.5
Duke Johnson II,Alabama,MLB,,44468.316
Kyle Clayton,Alabama,S,,154639.34
London Hill,Alabama,S,,154639.34
Brody McCutcheon,Alabama,S,,154639.34
Grant Johnson,Alabama,MLB,,114362.984
Ben Jackson,Alabama,WR,,45137.816
Monte Harrison,Arkansas,WR,,1.8013458e+06
Stephen Dix Jr.,Arkansas,MLB,,153200.8
Taylen Green,Arkansas,QB,600000.0,3.7286765e+06
Xavian Sorey Jr.,Arkansas,MLB,500000.0,386699.22
Jordan Young,Arkansas,S,,2.3301435e+06
Kani Walker,Arkansas,S,,1.82735e+07
O'Mega Blake,Arkansas,WR,,1.7890789e+06
Julian Neal,Arkansas,S,,1.1254627e+07
Jaheim Singletary,Arkansas,S,,537623.06
Shakur Smalls,Arkansas,S,,1.7755795e+06
Trent Whalen,Arkansas,MLB,,469152.5
Quentavius Scandrett,Arkansas,S,,1.9940279e+06
Andreas Paaske,Arkansas,TE,,141890.06
Brayson McHenry,Arkansas,QB,,4.2856315e+06
Caleb Wooden,Arkansas,S,,1.1627908e+06
Miguel Mitchell,Arkansas,S,,358547.7
Jalen Brown,Arkansas,WR,400000.0,273158.4
Andrew Harris,Arkansas,MLB,,343248.53
Andy Jean,Arkansas,WR,,624671.7
Raylen Sharpe,Arkansas,WR,,770568.3
Jaden Platt,Arkansas,TE,,111177.97
Jaden Allen,Arkansas,S,,416344.6
KJ Jackson,Arkansas,QB,,777496.8
Bradley Shaw,Arkansas,MLB,,110032.125
Rykar Acebo,Arkansas,WR,,257732.78
Landon Phipps,Arkansas,S,,814670.6
Mason Schueck,Arkansas,MLB,,361729.78
Rohan Jones,Arkansas,TE,,1.4444266e+06
Larry Worth III,Arkansas,S,,745255.25
Walker Catsavis,Arkansas,WR,,257732.78
Selman Bridges,Arkansas,S,,566540.6
Ismael Cisse,Arkansas,WR,,167050.47
Kam Shanks,Arkansas,WR,,179844.0
Courtney Crutchfield,Arkansas,WR,,454976.28
Trever Jackson,Arkansas,QB,,1.8714088e+06
Ja'Kayden Ferguson,Arkansas,WR,,148923.94
Tavion Wallace,Arkansas,MLB,,118459.28
Grayson Wilson,Arkansas,QB,,1.875976e+06
CJ Brown,Arkansas,WR,,199776.56
Justin Logan,Arkansas,MLB,,121597.5
Wyatt Simmons,Arkansas,MLB,,63096.164
Ahkhari Johnson,Arkansas,S,,502373.4
Jabrae Shaw,Arkansas,S,,566540.6
Anton Pierce,Arkansas,S,,566540.6
Maddox Lassiter,Arkansas,TE,,30701.957
Braylon Watson,Arkansas,S,,909107.4
Jace Petty,Arkansas,WR,,257732.78
JJ Shelton,Arkansas,MLB,,60242.977
Krosse Johnson,Arkansas,WR,,209284.84
Antonio Jordan,Arkansas,WR,,148923.94
Zach Taylor,Arkansas,WR,,136387.83
Cade Fields,Arkansas,MLB,,361729.78
Preston Davis,Arkansas,MLB,,130687.75
Joseph Whitt,Arkansas,MLB,,130687.75
Nigel Pringle,Arkansas,S,,399183.75
Taijh Overton,Arkansas,S,,416344.6
Gavin Garretson,Arkansas,TE,,37379.23
Keshawn Davila,Arkansas,S,,763511.5
Jeremiah Beck Jr.,Arkansas,TE,,56910.793
Hutson Hendrix,Arkansas,TE,,37379.23
Grant Karnes,Arkansas,WR,,148923.94
Tate Johnson,Auburn,TE,,70463.73
Jahquez Robinson,Auburn,S,,381608.38
Preston Howard,Auburn,TE,,54686.395
Jacoby Mathews,Auburn,S,,404095.72
Robert Woodyard Jr.,Auburn,MLB,,139526.75
Antwon Fegans Jr.,Auburn,S,,963033.44
Brandon Frazier,Auburn,TE,,84596.03
Horatio Fields,Auburn,WR,,210222.61
Ashton Daniels,Auburn,QB,,526223.8
Caleb Wheatland,Auburn,MLB,,365008.0
Jackson Arnold,Auburn,QB,500000.0,538945.44
Sylvester Smith,Auburn,S,,419419.6
Xavier Atkins,Auburn,MLB,,1.0731111e+07
Cam Coleman,Auburn,WR,1500000.0,936987.5
Demarcus Riddick,Auburn,MLB,,24883.389
Malcolm Simmons,Auburn,WR,,955112.6
Perry Thompson,Auburn,WR,,111310.16
Taye Seymore,Auburn,S,,412072.1
Camden Etheredge,Auburn,TE,,113945.48
Paul Thompson Jr.,Auburn,S,,412072.1
Kaleb Harris,Auburn,S,,175151.94
Eric Singleton Jr.,Auburn,WR,,251976.88
AnQuon Fegans,Auburn,S,,122619.01
J.J. Faulk,Auburn,MLB,,35384.695
Ryan Ghea,Auburn,TE,,59869.145
Deuce Knight,Auburn,QB,,309150.97
Eric Winters,Auburn,S,,114049.84
Elijah Melendez,Auburn,MLB,,11681.426
Bryce Cain,Auburn,WR,,54006.14
John Colvin,Auburn,QB,,914052.25
Champ Anthony,Auburn,S,,271083.34
Coleman Granberry,Auburn,MLB,,49681.73
Will Upton,Auburn,WR,,54224.758
Bryce Deas,Auburn,MLB,,20294.389
Hollis Davidson III,Auburn,TE,,28175.873
Sam Turner,Auburn,WR,,45034.02
A'mon Lane-Ganus,Auburn,S,,176502.78
Kensley Louidor-Faustin,Auburn,S,,189278.67
Cade Carlson,Auburn,S,,159794.69
Hunter Ousley,Auburn,TE,,28175.873
Eli Morton,Auburn,TE,,28175.873
Cam'Ron King,Auburn,WR,,68275.305
Erick Smith,Auburn,WR,,45034.02
William Grier McDuffie,Auburn,MLB,,50609.527
Antonio Melendez,Auburn,MLB,,66179.84
Will Myers,Auburn,QB,,676218.8
Duke Smith,Auburn,WR,,45121.03
Harrison Bailey,Florida,QB,,3.9040695e+06
Clay Millen,Florida,QB,,3.9040695e+06
J. Michael Sturdivant,Florida,WR,,421022.62
Alfonzo Allen Jr.,Florida,S,,466830.78
Kahleil Jackson,Florida,WR,,241416.78
Devin Moore,Florida,S,,813113.56
Alex Gonzalez,Florida,WR,,90488.29
Jordan Castell,Florida,S,,298678.75
Aaron Gates,Florida,S,,225939.89
Sharif Denson,Florida,S,,387781.28
Grayson Howard,Florida,MLB,,123539.37
Cormani McClain,Florida,S,,207968.9
Jaden Robinson,Florida,MLB,,76355.24
Bryce Thornton,Florida,S,,1.411345e+07
Cahron Rackley,Florida,S,,1.1622741e+06
Hayden Hansen,Florida,TE,,45758.617
Taylor Spierto,Florida,WR,,320138.7
Caleb Rillos,Florida,TE,,74258.68
Dijon Johnson,Florida,S,,365892.88
Aidan Mizell,Florida,WR,,79312.766
Eugene Wilson III,Florida,WR,,106682.57
TJ Abrams,Florida,WR,,251233.28
Aaron Chiles,Florida,MLB,,44730.797
Myles Graham,Florida,MLB,,169089.11
DJ Lagway,Florida,QB,2200000.0,183588.17
Harold Stubbs IV,Florida,S,,485825.1
Javion Toombs,Florida,S,,468189.3
Scott Isacks,Florida,TE,,36632.746
Micheal Caraway Jr.,Florida,S,,863422.1
Tony Livingston,Florida,TE,,94498.01
Jamroc Grimsley,Florida,S,,205265.08
Josiah Davis,Florida,S,,211543.12
Amir Jackson,Florida,TE,,55468.668
Onis Konanbanny,Florida,S,,211543.12
Naeshaun Montgomery,Florida,WR,,86974.16
Dallas Wilson,Florida,WR,,221267.83
Teddy Foster,Florida,S,,202024.14
Myles Johnson,Florida,MLB,,44208.39
Jackson Wade,Florida,WR,,98942.39
Aidan Warner,Florida,QB,,943046.75
Brayden Slade,Florida,S,,265211.3
J'Vari Flowers,Florida,S,,264521.75
Ty Jackson,Florida,MLB,,57148.688
Jaden Edgecombe,Florida,WR,,52113.047
Lagonza Hayward,Florida,S,,202005.27
Micah Jones,Florida,TE,,29394.703
Mike Peterson Jr.,Florida,WR,,43657.887
Muizz Tounkara,Florida,WR,,67081.914
Tank Hawkins,Florida,WR,,84284.55
DeBraun Hampton,Florida,WR,,43657.887
Matthew Kade,Florida,MLB,,58658.43
Jake Xeller,Florida,MLB,,58658.43
Aaron Williams,Florida,QB,,685407.9
Cameron Kossmann,Florida,TE,,29394.703
Vernell Brown III,Florida,WR,,421372.1
Drake Stubbs,Florida,S,,200101.86
Ben Hanks III,Florida,S,,199966.98
Tramell Jones Jr.,Florida,QB,,503278.75
Evan Jackson,Florida,S,,211543.12
Vincent Brown Jr.,Florida,S,,269047.88
Winfield Scott,Florida,S,,211543.12
Cary Rifenberick,Florida,WR,,43657.887
Zion Branch,Georgia,S,,221658.14
Daylen Everette,Georgia,S,,6.4209605e+06
Gunner Stockton,Georgia,QB,1500000.0,2.770214e+06
Kavon Townsend,Georgia,WR,,292797.3
Oscar Delp,Georgia,TE,700000.0,533903.9
JaCorey Thomas,Georgia,S,,282900.38
Dillon Bell,Georgia,WR,,97526.836
Noah Thomas,Georgia,WR,,879523.44
Miles Thornton,Georgia,WR,,111793.67
Patrick Hester,Georgia,TE,,75197.98
Joenel Aguero,Georgia,S,,227505.97
CJ Allen,Georgia,MLB,,351469.56
Zachariah Branch,Georgia,WR,,2.605206e+06
Gabe Harris Jr.,Georgia,MLB,,24125.713
Daniel Harris,Georgia,S,,275882.47
Lawson Luckie,Georgia,TE,500000.0,240687.58
Raylen Wilson,Georgia,MLB,,33191.3
Cole Speer,Georgia,WR,,270486.78
Terrell Foster,Georgia,MLB,,85864.02
Jaden Harris,Georgia,S,,287669.62
London Humphreys,Georgia,WR,,375063.8
KJ Bolden,Georgia,S,900000.0,678580.0
Kris Jones,Georgia,MLB,,39045.473
Ryan Puglisi,Georgia,QB,,366528.16
Ellis Robinson IV,Georgia,S,,461944.6
Justin Williams,Georgia,MLB,,11531.631
Luke Bennett,Georgia,WR,,111793.67
Jacob Fleming,Georgia,S,,352870.75
Denton Shamburger,Georgia,S,,352870.75
Cooper Johnson,Georgia,TE,,75197.98
Ondre Evans,Georgia,S,,147950.28
Adrian Maddox,Georgia,S,,649694.6
Colbie Young,Georgia,WR,,598103.8
Kyron Jones,Georgia,S,,230481.88
Sacovie White-Helton,Georgia,WR,,126186.77
Demello Jones,Georgia,S,,322417.66
Colton Heinrich,Georgia,TE,,53281.273
Ethan Barbour,Georgia,TE,,53281.273
Jontae Gilbert,Georgia,S,,147950.28
Ryan Montgomery,Georgia,QB,,992226.56
Talyn Taylor,Georgia,WR,,211739.11
Zayden Walker,Georgia,MLB,,18833.432
CJ Wiley,Georgia,WR,,100269.6
Elyiss Williams,Georgia,TE,,286551.4
Rasean Dinkins,Georgia,S,,106287.12
Chris Cole,Georgia,MLB,,27122.29
Quintavius Johnson,Georgia,MLB,,26627.373
Thomas Blackshear,Georgia,WR,,178117.48
Elo Modozie,Georgia,MLB,,78477.0
David Lalaian,Georgia,TE,,54984.062
Jeremy Bell,Georgia,WR,,171321.16
Walter Blanchard,Georgia,WR,,65737.125
Marek Briley,Georgia,WR,,65737.125
Ali Hall,Georgia,S,,829393.6
Will Taylor,Georgia,WR,,65737.125
Darren Ikinnagbon,Georgia,MLB,,47454.902
Dominick Kelly,Georgia,S,,190159.62
Todd Robinson,Georgia,S,,147950.28
AJ Kruah,Georgia,MLB,,51642.54
Chase Linton,Georgia,MLB,,50186.996
Daniel Okonkwo,Georgia,S,,147950.28
Landon Roldan,Georgia,WR,,55755.543
Colter Ginn,Georgia,QB,,614145.4
Jaden Reddell,Georgia,TE,,113419.55
Henry Waller,Georgia,S,,352870.75
Danny Curran,Georgia,WR,,111793.67
Henry Delp,Georgia,TE,,53281.273
Hezekiah Millender,Georgia,QB,,614145.4
Jaylan Morgan,Georgia,S,,147950.28
Eli Barrow,Georgia,MLB,,62671.266
Tyler Williams,Georgia,WR,,99488.82
Duncan Carpenter,Georgia,MLB,,51642.54
Clayton Hood,Georgia,MLB,,51642.54
Cole Jones,Georgia,MLB,,51642.54
Benjamin McElreath,Georgia,WR,,55199.27
Jackson St. Clair,Georgia,WR,,55199.27
Zach Calzada,Kentucky,QB,,1.9241778e+06
J.J. Hester,Kentucky,WR,,387508.84
Beau Allen,Kentucky,QB,,4.7059025e+06
Ja'Mori Maclin,Kentucky,WR,,520567.53
Daveren Rayner,Kentucky,MLB,,169879.98
Landyn Watson,Kentucky,MLB,,146355.36
Troy Stellato,Kentucky,WR,,287175.16
Jantzen Dunn,Kentucky,S,,673926.25
Jordan Lovett,Kentucky,S,,386047.4
Kendrick Law,Kentucky,WR,,499719.03
Jonquis Hardaway,Kentucky,S,,1.2144941e+06
Fred Farrier II,Kentucky,WR,,325936.47
Elijah Brown,Kentucky,TE,,41497.016
Josh Kattus,Kentucky,TE,,119459.33
Alex Afari Jr.,Kentucky,MLB,,279194.9
Henry Boyer,Kentucky,TE,,75498.63
Grant Godfrey,Kentucky,MLB,,16994.38
Kevis Thomas,Kentucky,S,,393630.38
Nasir Addison,Kentucky,S,,271608.38
Kam Olds,Kentucky,MLB,,169945.28
Ty Bryant,Kentucky,S,,321074.6
Terhyon Nichols,Kentucky,S,,269716.34
Jacob Smith,Kentucky,MLB,,58739.66
Steven Soles Jr.,Kentucky,MLB,,31549.582
David Washington Jr.,Kentucky,WR,,77458.92
Jackson Schulz,Kentucky,S,,934271.4
Cole Lanter,Kentucky,WR,,293665.88
Jack Monday,Kentucky,TE,,76708.35
DJ Waller Jr.,Kentucky,S,,448578.25
Sam Greene,Kentucky,MLB,,25412.139
Willie Rodriguez,Kentucky,TE,,105348.805
Cutter Boley,Kentucky,QB,,270250.34
Martels Carter Jr.,Kentucky,S,,172310.52
Hardley Gilmore IV,Kentucky,WR,,203548.45
Cameron Miller,Kentucky,WR,,101419.93
Stone Saunders,Kentucky,QB,,914545.75
Antwan Smith,Kentucky,MLB,,53275.277
Jaden Smith,Kentucky,S,,160245.64
Devin Smith,Kentucky,MLB,,60202.945
Quintin Simmons Jr.,Kentucky,WR,,69269.99
Cam Dooley,Kentucky,S,,272591.88
Quay'sheed Scott,Kentucky,S,,158565.97
Devon Gusta,Kentucky,S,,458180.12
Grant Grayton,Kentucky,S,,160493.72
Ashton Cozart,Kentucky,WR,,77458.92
Spencer Leadbetter,Kentucky,WR,,119742.66
Hayden Dawahare,Kentucky,MLB,,153026.16
Brennen Ward,Kentucky,QB,,818070.56
Montavin Quisenberry,Kentucky,WR,,78561.09
Quintavion Norman,Kentucky,MLB,,55868.066
Demarcus Gardner,Kentucky,S,,181256.8
Preston Bowman,Kentucky,WR,,69269.99
Mikkel Skinner,Kentucky,TE,,28185.064
Dyllon Williams,Kentucky,S,,197392.42
Andrew Purcell,Kentucky,S,,181256.8
Rico Crowder,Kentucky,WR,,69269.99
Justin Kattus,Kentucky,TE,,28185.064
Andrew Weber,Kentucky,S,,248605.58
Rushaune Vilane,Kentucky,MLB,,77131.11
DJ Miller,Kentucky,WR,,279539.94
Kris Thompson,Kentucky,MLB,,60202.945
Jr. Martels Carter,Kentucky,S,,218896.97
Aumad Edwards,Kentucky,WR,,69269.99
Saxton Howard,Kentucky,WR,,69269.99
Wyatt Phyle,Kentucky,MLB,,60202.945
Chris Hilton Jr.,LSU,WR,,344899.06
Garrett Nussmeier,LSU,QB,2900000.0,1.3003789e+06
West Weeks,LSU,MLB,,107379.22
Jardin Gilbert,LSU,S,600000.0,495512.53
Harold Perkins Jr.,LSU,MLB,1600000.0,628777.8
Aaron Anderson,LSU,WR,,249229.9
Barion Brown,LSU,WR,900000.0,440086.16
Nic Anderson,LSU,WR,,89672.08
Princeton Malbrue,LSU,MLB,,101105.97
Austin Ausberry,LSU,S,,346798.84
Zavion Thomas,LSU,WR,,201305.23
Whit Weeks,LSU,MLB,,140414.97
Javien Toviano,LSU,S,,279711.7
Gabe Leonards,LSU,MLB,,336783.53
Bauer Sharp,LSU,TE,,161018.03
Kyle Parker,LSU,WR,,195605.23
A.J. Haulcy,LSU,S,,1.3089116e+06
Tamarcus Cooley,LSU,S,,205415.47
Trey'Dez Green,LSU,TE,,333604.78
Ju'Juan Johnson,LSU,QB,,352246.06
Davhon Keys,LSU,MLB,,39941.367
Michael Van Buren Jr.,LSU,QB,,272252.06
Tylen Singleton,LSU,MLB,,21107.012
Jelani Watkins,LSU,WR,,106829.99
GiVanni Peterson,LSU,TE,,71021.336
Noah Nash,LSU,WR,,240546.69
Donovan Green,LSU,TE,,273466.75
Cowinn Helaire,LSU,WR,,87949.13
Colin Hurley,LSU,QB,,582343.5
Joel Rogers,LSU,S,,139835.53
TaRon Francis,LSU,WR,,40871.73
CJ Jimcoily,LSU,S,,134747.05
JD LaFleur,LSU,TE,,30946.805
Keylan Moses,LSU,MLB,,41859.402
Emile Picarella III,LSU,QB,,582343.5
Kylan Billiot,LSU,WR,,40871.73
Phillip Wright III,LSU,WR,,42080.387
Tyson Short,LSU,S,,194061.53
Jake Ibieta,LSU,MLB,,57683.664
Destyn Hill,LSU,WR,,114957.19
Charles Ross II,LSU,MLB,,38078.887
Jacob Bradford,LSU,S,,156683.94
Jhase Thomas,LSU,S,,156683.94
Jaiden Braker,LSU,MLB,,38078.887
Zach Weeks,LSU,MLB,,31956.277
Isaiah Stone,LSU,WR,,48042.51
Kenzel Kelly,LSU,MLB,,336783.53
Dashawn Spears,LSU,S,,177776.89
Landon Craig,LSU,TE,,30946.805
Tre People,LSU,QB,,582343.5
Jordan Mosley,Mississippi State,WR,,2.206287e+06
Hunter Washington,Mississippi State,S,,545260.44
Branden Jennings,Mississippi State,MLB,,201559.39
Blake Shapen,Mississippi State,QB,,1.8506189e+06
Brylan Lanier,Mississippi State,S,,601413.8
Markus Allen,Mississippi State,WR,,638662.0
Nic Mitchell,Mississippi State,MLB,,310346.44
Brenen Thompson,Mississippi State,WR,,8.860351e+06
Malick Sylla,Mississippi State,MLB,,588797.94
Seydou Traore,Mississippi State,TE,,195684.89
Max Reese,Mississippi State,TE,,68323.25
Jaron Glover,Mississippi State,WR,,290525.1
Tony Mitchell,Mississippi State,S,,317324.6
Isaac Smith,Mississippi State,S,,736341.0
Ayden Williams,Mississippi State,WR,,480609.9
Cameron Ball,Mississippi State,TE,,91209.23
Derion Gullette,Mississippi State,MLB,,25372.205
Anthony Evans III,Mississippi State,WR,,1.9949789e+06
Vic Sutton,Mississippi State,S,,445238.1
Sam West,Mississippi State,TE,,71752.86
Jalen Smith,Mississippi State,MLB,,23953.35
Stonka Burnside,Mississippi State,S,,418411.25
Luke Kromenhoek,Mississippi State,QB,,1.7959339e+06
Cam Thompson,Mississippi State,WR,,290525.1
Zakari Tillman,Mississippi State,MLB,,48534.07
Tanner Johnson,Mississippi State,S,,452280.22
Ricky Johnson,Mississippi State,WR,,198705.1
Fatt Forrest,Mississippi State,MLB,,122339.14
Gracen Harris,Mississippi State,WR,,186065.19
Sanfrisco Magee,Mississippi State,WR,,556614.75
Cyrus Reyes,Mississippi State,S,,378223.28
Nevaeh Sanders,Mississippi State,MLB,,276310.6
AJ Rice,Mississippi State,MLB,,119024.36
Sekou Smith Jr.,Mississippi State,S,,335674.7
Kamario Taylor,Mississippi State,QB,,531104.2
Tyler Lockhart,Mississippi State,MLB,,31756.912
Jatavious Johnson,Mississippi State,S,,350764.03
Tyshun Willis,Mississippi State,MLB,,122339.14
Ferzell Shepard,Mississippi State,WR,,173721.61
Joeseph Skipworth,Mississippi State,TE,,48011.734
Lo'Kavion Jackson,Mississippi State,S,,350764.03
Davian Jackson,Mississippi State,WR,,173721.61
Tyler Woodard,Mississippi State,S,,609316.7
Sam Paxton,Mississippi State,TE,,130619.97
Jahron Manning,Mississippi State,S,,1.2287692e+06
Isaiah Mitchell,Mississippi State,WR,,173721.61
Parker Puckett,Mississippi State,QB,,2.1961268e+06
Montrell Chapman,Mississippi State,MLB,,301616.72
LaKendrick James,Mississippi State,MLB,,265658.12
Ja'Bryis Stewart,Mississippi State,MLB,,252859.38
Turner Reeves,Mississippi State,MLB,,122339.14
AJ Lewis Jr.,Mississippi State,WR,,173721.61
Emeka Iloh,Mississippi State,TE,,69023.36
DK McGruder,Mississippi State,S,,698456.6
Sean Pleasant,Mississippi State,S,,350764.03
Jessie Primer IV,Mississippi State,WR,,173721.61
Jalen Catalon,Missouri,S,,339402.94
Daylan Carnell,Missouri,S,,606295.0
Kevin Coleman Jr.,Missouri,WR,,1.2506562e+06
Sam Horn,Missouri,QB,900000.0,2.7043752e+06
Beau Pribula,Missouri,QB,,1.9569169e+06
Marvin Burks Jr.,Missouri,S,,323692.53
Brett Norfleet,Missouri,TE,,126376.086
Josiah Trotter,Missouri,MLB,,178068.39
Tommy Lock,Missouri,QB,,6.4181135e+06
Logan Muckey,Missouri,WR,,383535.88
Xavier Loyd,Missouri,WR,,456732.6
Khalil Jacobs,Missouri,MLB,,79104.734
Joshua Manning,Missouri,WR,,266669.12
Marquis Johnson,Missouri,WR,,383184.9
Jeremiah Beasley,Missouri,MLB,,45226.754
James Madison II,Missouri,WR,,116074.03
Nicholas Rodriguez,Missouri,MLB,,64977.45
Brett Brown,Missouri,QB,,2.7862302e+06
Caleb Flagg,Missouri,S,,793969.56
Gavin Wyatt,Missouri,WR,,180637.8
Daniel Blood,Missouri,WR,,253911.77
Jordon Harris,Missouri,TE,,136797.52
Santana Banner,Missouri,S,,142418.25
Mose Phillips III,Missouri,S,,332998.62
Brady Hultman,Missouri,MLB,,184717.06
Brian Huff,Missouri,MLB,,60536.527
Donovan Olugbode,Missouri,WR,,435816.0
Trajen Greco,Missouri,S,,193470.77
CJ Bass III,Missouri,S,,159546.17
Dante McClellan,Missouri,MLB,,34776.67
Gavin Hoffman,Missouri,TE,,42803.73
Vince Brown II,Missouri,TE,,121971.59
Noah Flaskamp,Missouri,WR,,180637.8
Rico Merriweather,Missouri,S,,453205.06
Triston Newson,Missouri,MLB,,69002.37
Tommy Reese,Missouri,MLB,,184717.06
DaMarion Fowlkes,Missouri,WR,,111718.64
Jackson Hancock,Missouri,S,,180170.52
Jude James,Missouri,TE,,107105.22
Matt Zollers,Missouri,QB,,649184.9
Shaun Terry II,Missouri,WR,,185338.55
Jason King,Missouri,MLB,,59347.06
Dakotah Terrell,Missouri,TE,,42803.73
Jackson Daily,Missouri,MLB,,114243.07
Adam Molitor,Missouri,TE,,46393.27
Jayden Bolton,Missouri,WR,,383535.88
Essien Smith,Missouri,QB,,1.4790456e+06
Cameron Pitts,Missouri,WR,,116074.03
Kameron Eleby,Missouri,QB,,1.4790456e+06
Keontez Lewis,Oklahoma,WR,,257934.16
Kendal Daniels,Oklahoma,MLB,,307648.03
Deion Burks,Oklahoma,WR,,930952.1
Kobie McKinzie,Oklahoma,MLB,,27250.736
Gentry Williams,Oklahoma,S,,257876.11
Will Huggins,Oklahoma,TE,,159403.97
Major Melson,Oklahoma,WR,,255944.95
Kip Lewis,Oklahoma,MLB,,167210.97
Jayden Gibson,Oklahoma,WR,,99443.29
Robert Spears-Jennings,Oklahoma,S,,397444.72
Peyton Bowen,Oklahoma,S,,1.0469453e+06
Jacobe Johnson,Oklahoma,S,,221121.44
John Locke Jr.,Oklahoma,TE,,55695.383
Kaden Helms,Oklahoma,TE,,95848.94
Jaren Kanak,Oklahoma,TE,,193908.17
Sammy Omosigho,Oklahoma,MLB,,70455.8
John Mateer,Oklahoma,QB,700000.0,1.3032008e+06
Kade McIntyre,Oklahoma,TE,,42410.758
Eli Bowen,Oklahoma,S,,158714.38
Jaydan Hardy,Oklahoma,S,,123556.69
Michael Hawkins Jr.,Oklahoma,QB,,467880.44
Zion Kearney,Oklahoma,WR,,229677.05
Jeremiah Newcombe,Oklahoma,S,,135342.83
Zion Ragins,Oklahoma,WR,,55472.527
Isaiah Sategna III,Oklahoma,WR,,7.9336155e+06
Owen Heinecke,Oklahoma,MLB,,101833.68
Carson Kent,Oklahoma,TE,,112715.95
Josiah Martin,Oklahoma,WR,,55472.527
Jakeb Snyder,Oklahoma,WR,,55472.527
Ivan Carreon,Oklahoma,WR,,365760.66
KJ Daniels,Oklahoma,WR,,44038.594
Taylor Heim,Oklahoma,MLB,,21234.375
Maliek Hawkins,Oklahoma,S,,135342.83
Omarion Robinson,Oklahoma,S,,124074.12
Elijah Thomas,Oklahoma,WR,,39345.676
Reggie Powers III,Oklahoma,S,,108034.25
Michael Boganowski,Oklahoma,S,,91342.06
James Nesta,Oklahoma,MLB,,31003.021
Devon Jordan,Oklahoma,S,,103346.53
Kendel Dolby,Oklahoma,S,,415851.75
Casen Calmus,Oklahoma,S,,170862.0
Reed DeQuasie,Oklahoma,S,,170862.0
Trey Brown,Oklahoma,WR,,55472.527
Eli Merck,Oklahoma,WR,,55472.527
Jer'Michael Carter,Oklahoma,WR,,176673.89
Marcus Wimberly,Oklahoma,S,,135342.83
Trynae Washington,Oklahoma,TE,,40912.406
Marcus James,Oklahoma,MLB,,41620.438
Courtland Guillory,Oklahoma,S,,332281.34
Jett Niu,Oklahoma,QB,,569058.6
Jacob Jordan,Oklahoma,WR,,588931.56
Whitt Newbauer,Oklahoma,QB,,737594.8
JaVonnie Gibson,Oklahoma,WR,,137985.8
Preston Mickens,Oklahoma,S,,135342.83
Trystan Haynes,Oklahoma,S,,130216.984
Manny Choice,Oklahoma,WR,,44038.594
Elgee Webster,Oklahoma,MLB,,41620.438
Barrett Travis,Oklahoma,MLB,,41620.438
Isaiah Sategna III,Oklahoma,WR,,61146.47
Devin Price,Ole Miss,WR,,1.0359768e+07
Sage Ryan,Ole Miss,S,,422486.28
Shawqi Itraish,Ole Miss,QB,,5.9981295e+06
Andrew Jones,Ole Miss,MLB,,102362.49
Tahj Chambers,Ole Miss,MLB,,66611.945
Izaiah Hartrup,Ole Miss,WR,,329642.06
Harrison Wallace III,Ole Miss,WR,,5.0801725e+06
Trace Bruckler,Ole Miss,TE,,257820.55
De'Zhaun Stribling,Ole Miss,WR,,4.387739e+06
Tyler Banks,Ole Miss,MLB,,175468.42
Dae'Quan Wright,Ole Miss,TE,,1.0365693e+06
Luke Hasz,Ole Miss,TE,,133710.92
Cayden Lee,Ole Miss,WR,,1.2093868e+06
Traylon Ray,Ole Miss,WR,,125977.91
Suntarine Perkins,Ole Miss,MLB,,2.011201e+07
Nick Cull,Ole Miss,S,,190118.28
Joshua Pfeifer,Ole Miss,WR,,377738.8
Trinidad Chambliss,Ole Miss,QB,,8.970934e+06
TJ Banks,Ole Miss,S,,101987.44
Caleb Odom,Ole Miss,WR,,225468.92
George Hamsley,Ole Miss,QB,,2.5452545e+06
Mac Owen,Ole Miss,WR,,150637.31
AJ Maddox,Ole Miss,QB,,1.7097905e+06
Jaden Yates,Ole Miss,MLB,,21375.572
Maealiuaki Smith,Ole Miss,QB,,1.1643088e+06
Wydett Williams Jr.,Ole Miss,S,,7.1994925e+06
Andy Jaffe,Ole Miss,S,,178589.14
Raymond Collins,Ole Miss,MLB,,132827.73
Dillon Alfred,Ole Miss,WR,,1.5110086e+06
Jarcoby Hopson,Ole Miss,MLB,,57337.414
Cortez Thomas,Ole Miss,S,,131102.08
Austin Simmons,Ole Miss,QB,,450794.6
Winston Watkins,Ole Miss,WR,,420818.7
Anthony Robinson III,Ole Miss,S,,129376.734
Samari Reed,Ole Miss,WR,,90186.836
Dylan Davis,Ole Miss,WR,,97228.914
Wyatt Smalley,Ole Miss,TE,,53349.203
Mark Trigg Jr.,Ole Miss,MLB,,89518.11
Deuce Alexander,Ole Miss,WR,,1.2304274e+06
Kapena Gushiken,Ole Miss,S,,1.2192371e+06
MJ Preston,Ole Miss,S,,131102.08
Keon Young,Ole Miss,S,,131102.08
Isreal Solomon,Ole Miss,S,,169179.6
Ladarian Clardy,Ole Miss,S,,112654.375
Hayden Bradley,Ole Miss,TE,,51558.684
Ciaran Pedulla,Ole Miss,WR,,90186.836
Jack Harper,Ole Miss,TE,,51558.684
Sean Judge,Ole Miss,TE,,51558.684
Caleb Cunningham,Ole Miss,WR,,547622.2
TJ Dottery,Ole Miss,MLB,,43663.008
Bryson Walters,Ole Miss,MLB,,58970.688
Cooper Cannon,Ole Miss,MLB,,58970.688
Ford Beeker,Ole Miss,MLB,,58970.688
Kegan Sherwood,Ole Miss,S,,131102.08
Levi Blount,Ole Miss,WR,,90186.836
Anthony Aguirre,Ole Miss,WR,,150637.31
Luke Doty,South Carolina,WR,,113950.586
Demon Clowney,South Carolina,MLB,,244678.0
Jordan Dingle,South Carolina,TE,,154045.27
Brady Hunt,South Carolina,TE,,52021.582
Jatius Geer,South Carolina,MLB,,334215.56
George Wilson Jr.,South Carolina,MLB,,558356.5
Shawn Murphy,South Carolina,MLB,,35488.45
Jaron Willis,South Carolina,MLB,,196626.05
Buddy Mack III,South Carolina,S,,1.108299e+06
Jared Brown,South Carolina,WR,,578917.0
Peyton Williams,South Carolina,S,,342328.94
Bryan Thomas Jr.,South Carolina,MLB,,1.2523132e+07
Nyck Harbor,South Carolina,WR,,971796.2
Vandrevius Jacobs,South Carolina,WR,,1.1795689e+06
LaNorris Sellers,South Carolina,QB,1000000.0,1.0467157e+06
Colin Bryant,South Carolina,MLB,,438122.6
Eriq Rice,South Carolina,WR,,303824.7
Andrew Colasurdo,South Carolina,MLB,,478835.25
Desmond Umeozulu,South Carolina,MLB,,57382.105
Vicari Swain,South Carolina,S,,329231.44
Zahbari Sandy,South Carolina,S,,318071.12
Brandon Cisse,South Carolina,S,,588767.6
Jalon Kilgore,South Carolina,S,,2.44512e+07
Judge Collier,South Carolina,S,,251239.27
Mazeo Bennett Jr.,South Carolina,WR,,99193.13
Air Noland,South Carolina,QB,,1.1186609e+06
Michael Smith,South Carolina,TE,,67776.61
Jalewis Solomon,South Carolina,S,,236609.2
Dylan Stewart,South Carolina,MLB,,183396.72
DQ Smith,South Carolina,S,,645944.5
Myles Norwood,South Carolina,S,,613672.94
Gerald Kilgore,South Carolina,S,,295944.3
Kelvin Hunter,South Carolina,S,,216451.16
Justin Okoronkwo,South Carolina,MLB,,24195.738
Kendall Daniels Jr.,South Carolina,S,,254878.81
David Bucey,South Carolina,S,,214782.69
Fred Johnson,South Carolina,MLB,,157516.5
Jamian Risher Jr.,South Carolina,MLB,,179147.81
Maurice Brown II,South Carolina,TE,,70463.46
Lukas Vozeh,South Carolina,TE,,32859.586
Cutter Woods,South Carolina,QB,,901657.7
Kobby Sakyi-Prah,South Carolina,MLB,,78659.375
Lex Cyrus,South Carolina,WR,,92102.91
Jayden Sellers,South Carolina,WR,,595188.8
AJ Holloway,South Carolina,MLB,,78659.375
Donovan Murph,South Carolina,WR,,251865.89
Malik Clark,South Carolina,WR,,139942.8
Jaquavious Dodd,South Carolina,MLB,,54909.13
Jordon Gidron,South Carolina,WR,,92102.91
Brian Rowe Jr.,South Carolina,WR,,102828.32
Damarcus Leach,South Carolina,S,,220672.3
Anthony Addison,South Carolina,MLB,,72871.14
Josh Smith,South Carolina,MLB,,78659.375
Mike Tyler,South Carolina,TE,,87201.39
Taeshawn Alston,South Carolina,MLB,,78659.375
Chris Hatfield,South Carolina,S,,254878.81
Jaquel Holman,South Carolina,S,,236761.8
Donovan Darden,South Carolina,MLB,,72871.14
Jimmy Francis,South Carolina,QB,,1.2022581e+06
Isaiah McClary,South Carolina,S,,254878.81
Jackson Burger,South Carolina,S,,254878.81
Landon Kurtz,South Carolina,S,,254878.81
Emazon Littlejohn,South Carolina,WR,,92102.91
Cedric Cisse,South Carolina,S,,254878.81
Tony Brown,South Carolina,S,,254878.81
Reno Roehm,South Carolina,TE,,30132.094
Jackson Repp,South Carolina,WR,,92102.91
Andre Turrentine,Tennessee,S,,360007.3
Jalen McMurray,Tennessee,S,,1.4969625e+06
Andre Stewart,Tennessee,S,,318536.78
William Wright,Tennessee,S,,445203.72
Ethan Davis,Tennessee,TE,,117909.37
Montrell Bandy,Tennessee,S,,693886.2
Colton Hood,Tennessee,S,,1.844716e+06
Jeremiah Telander,Tennessee,MLB,,27579.44
Rickey Gibson III,Tennessee,S,,303032.38
Kaleb Beasley,Tennessee,S,,235409.1
Boo Carter,Tennessee,S,,204517.47
Amari Jefferson,Tennessee,WR,,42743.97
Jake Merklinger,Tennessee,QB,,481381.0
Mike Matthews,Tennessee,WR,,1.5089062e+06
Edwin Spillman,Tennessee,MLB,,13889.103
Ben Bolton,Tennessee,MLB,,45546.457
Jourdan Thomas,Tennessee,S,,318536.78
Arion Carter,Tennessee,MLB,,99398.53
Tommy Winton III,Tennessee,WR,,126845.8
Miles Kitselman,Tennessee,TE,,91807.55
Chris Brazzell II,Tennessee,WR,,9.703261e+06
Edrees Farooq,Tennessee,S,,438443.6
Carson Whitehead,Tennessee,WR,,91418.49
Trey Weary,Tennessee,WR,,110449.3
Marcus Goree Jr.,Tennessee,S,,138865.14
Braylon Staley,Tennessee,WR,,3.3550135e+06
Dasaahn Brame,Tennessee,TE,,70177.836
Jaedon Harmon,Tennessee,MLB,,11138.383
George MacIntyre,Tennessee,QB,,700428.4
Jadon Perlotte,Tennessee,MLB,,104820.055
Tre Poteat,Tennessee,S,,123492.73
Ty Redmond,Tennessee,S,,2.6286652e+06
Jack Van Dorselaer,Tennessee,TE,,42361.605
Jordan Burns,Tennessee,MLB,,28466.771
Joey Aguilar,Tennessee,QB,,3.1223142e+06
Jermod McCoy,Tennessee,S,,318536.78
Nathan Roberts,Tennessee,WR,,45424.43
Joakim Dodson,Tennessee,WR,,345571.38
Timothy Merritt,Tennessee,S,,131019.95
Dylan Lewis,Tennessee,S,,142728.25
Travis Smith Jr.,Tennessee,WR,,101428.15
Jack-Henry Jakobik,Tennessee,WR,,48814.82
Cole Harrison,Tennessee,TE,,156833.58
Radarious Jackson,Tennessee,WR,,99867.92
Brenden Anes,Tennessee,MLB,,31737.898
Sidney Walton,Tennessee,S,,117802.81
Malcolm Kinzer,Tennessee,WR,,42743.97
Colin Brazzell,Tennessee,S,,144196.84
Jackson Mathews,Tennessee,S,,144196.84
Steele Katina,Tennessee,S,,144196.84
Ryan Scott,Tennessee,MLB,,34097.117
Grier Short,Tennessee,MLB,,39000.63
Braylon Harmon,Tennessee,WR,,1.1582976e+07
Mason Phillips,Tennessee,QB,,539616.06
Ben Petermann,Tennessee,WR,,42743.97
Seamus Meagher,Tennessee,TE,,74171.13
Deon Hardin,Tennessee,WR,,91418.49
Jaylon Guilbeau,Texas,S,,799176.4
Anthony Hill Jr.,Texas,MLB,,327713.72
DeAndre Moore Jr.,Texas,WR,,627299.0
Liona Lefau,Texas,MLB,,95452.766
Arch Manning,Texas,QB,4500000.0,1.1446848e+06
Malik Muhammad,Texas,S,,530848.5
Will Randle,Texas,TE,,68192.14
Derek Williams Jr.,Texas,S,,182077.31
Matthew Caldwell,Texas,QB,,2.7649378e+06
Trey Moore,Texas,MLB,,654338.25
Michael Taaffe,Texas,S,,614409.0
Marshall Landwehr,Texas,MLB,,304776.25
Ryan Niblett,Texas,S,,107173.88
Ethan Burke,Texas,MLB,,82531.125
Lance St. Louis,Texas,S,,1.0885201e+06
Colton Vasek,Texas,MLB,,61229.742
Brad Spence,Texas,MLB,,33604.863
Spencer Shannon,Texas,TE,,68192.14
Jelani McDonald,Texas,S,,1.4769116e+06
Warren Roberson,Texas,S,,235441.88
Kobe Black,Texas,S,,186491.38
Aaron Butler,Texas,WR,,424634.84
Xavier Filsaime,Texas,S,,222859.33
Jordon Johnson-Rubell,Texas,S,,287501.78
Parker Livingstone,Texas,WR,,1.3779096e+06
Wardell Mack,Texas,S,,186341.31
Emmett Mosley V,Texas,WR,,439484.72
Colin Simmons,Texas,MLB,,4.4062684e+07
Zina Umeozulu,Texas,MLB,,17066.238
Joe Tatum,Texas,QB,,4.4712295e+06
Carson Marshall,Texas,S,,1.0885201e+06
Quinn Merritt,Texas,WR,,327317.66
Graham Gillespie,Texas,S,,1.03342456e+06
Remy Patson,Texas,WR,,327317.66
Hamilton McMartin,Texas,WR,,327317.66
Jack Endries,Texas,TE,,275964.56
Trey Owens,Texas,QB,,662192.9
Santana Wilson,Texas,S,,209924.5
Caleb Chester,Texas,S,,212740.22
Jaime Ffrench,Texas,WR,,111972.51
Karle Lacey Jr.,Texas,QB,,1.0241969e+06
Kaliq Lockett,Texas,WR,,189939.4
Daylan McCutcheon,Texas,WR,,214685.2
Jonah Williams,Texas,S,,182881.31
Michael Terry III,Texas,WR,,66104.52
Emaree Winston,Texas,TE,,978623.56
Elijah Barnes,Texas,MLB,,38142.965
Jordan Washington,Texas,TE,,360379.66
Ridge Barker,Texas,TE,,66725.88
Tate Haver,Texas,S,,484546.16
Rett Andersen,Texas,WR,,186976.83
Bryce Chambers,Texas,WR,,135419.52
Ty Boatright,Texas,WR,,135419.52
Brady Sarkisian,Texas,MLB,,126925.9
Zelus Hicks,Texas,S,,214994.78
Kade Phillips,Texas,S,,463527.1
Jonathan Cunningham,Texas,MLB,,60613.246
Nick Townsend,Texas,TE,,66370.09
Graceson Littleton,Texas,S,,418621.6
Smith Orogbo,Texas,MLB,,44166.5
Ryan Wingo,Texas,WR,,3.3735068e+06
McCoy Bruce,Texas,S,,214994.78
Ty'Anthony Smith,Texas,MLB,,67061.7
Jackson Duffey,Texas,S,,214994.78
Ziky Umeozulu,Texas,S,,214994.78
Eric Garza,Texas,MLB,,70242.586
Hudson Powell,Texas,WR,,81354.01
Luke Dunham,Texas,QB,,662192.9
Lance Jackson,Texas,MLB,,13908.363
Jacob Zeno,Texas A&M,QB,,3.518154e+06
Bryce Anderson,Texas A&M,S,,711081.4
Jarred Kerr,Texas A&M,S,,650787.25
Nate Boerkircher,Texas A&M,TE,,244599.14
Amari Niblack,Texas A&M,TE,,542627.75
Dalton Brooks,Texas A&M,S,,3.3116128e+06
KC Concepcion,Texas A&M,WR,,3.631553e+06
Theo Melin Ohrstrom,Texas A&M,TE,,147611.19
Marcel Reed,Texas A&M,QB,800000.0,881185.0
Jonah Wilson,Texas A&M,WR,,82858.09
Scooby Williams,Texas A&M,MLB,,75891.195
Taurean York,Texas A&M,MLB,,233122.47
Marcus Ratcliffe,Texas A&M,S,,432581.6
Daymion Sanford,Texas A&M,MLB,,250413.05
Terry Bussey,Texas A&M,WR,,196037.19
Mario Craver,Texas A&M,WR,,2.8939625e+06
Jordan Lockhart,Texas A&M,MLB,,24868.3
Jordan Pride,Texas A&M,S,,197693.1
Izaiah Williams,Texas A&M,WR,,183732.84
Micah Riley,Texas A&M,TE,,93883.586
Tristan Jernigan,Texas A&M,MLB,,60127.55
Ashton Bethel-Roman,Texas A&M,WR,,2.7052448e+06
Myles Davis,Texas A&M,S,,407635.0
Kiotti Armstrong,Texas A&M,TE,,66477.27
Noah Mikhail,Texas A&M,MLB,,23198.734
Kelvion Riggins,Texas A&M,MLB,,65423.16
Miles O'Neill,Texas A&M,QB,,410724.8
Jerome Myles,Texas A&M,WR,,70306.92
Rashad Johnson Jr.,Texas A&M,S,,194978.7
Johnny Ryder,Texas A&M,WR,,133356.39
Isaiah Willis,Texas A&M,S,,420533.06
Aidan Herrera,Texas A&M,MLB,,125523.625
Zachary Clay,Texas A&M,TE,,171697.36
Wesley Watson,Texas A&M,WR,,123349.71
Blake Buntyn,Texas A&M,WR,,250661.06
Chase Burton,Texas A&M,WR,,133356.39
Tommy Colligan,Texas A&M,MLB,,125523.625
TK Norman,Texas A&M,WR,,286076.56
Kelshaun Johnson,Texas A&M,WR,,144004.58
Dashawn Fillmore,Texas A&M,S,,1.010647e+06
Paxton Land,Texas A&M,QB,,660668.9
Luke Braden,Texas A&M,TE,,69581.05
Eli Morcos,Texas A&M,QB,,660668.9
Layne Gerke,Texas A&M,S,,239741.45
Peyton Gay,Texas A&M,S,,200147.28
Carter Braugh,Texas A&M,TE,,69581.05
Kyle Garvis,Texas A&M,MLB,,80458.89
Brady Hart,Texas A&M,QB,,593699.0
Jeremiah Searcy,Texas A&M,MLB,,65423.16
Will Hargett,Texas A&M,WR,,70306.92
Kade Stewart,Texas A&M,WR,,70306.92
Luke Miller,Texas A&M,WR,,133356.39
Whitaker Williams,Texas A&M,WR,,82858.09
Eli Stowers,Vanderbilt,TE,,1.2165078e+06
Langston Patterson,Vanderbilt,MLB,,99518.52
Marlen Sewell,Vanderbilt,S,,325346.12
Prince Kollie,Vanderbilt,MLB,,286570.53
Drew Dickey,Vanderbilt,QB,,1.1898733e+07
Cole Spence,Vanderbilt,TE,,482710.03
Bryce Cowan,Vanderbilt,MLB,,140209.3
Randon Fontenette,Vanderbilt,MLB,,127586.836
Junior Sherrill,Vanderbilt,WR,,2.878271e+06
Jailen Ruth,Vanderbilt,MLB,,355468.8
CJ Heard,Vanderbilt,S,,925248.5
Diego Pavia,Vanderbilt,QB,,2.6886832e+07
Jalen Gilbert,Vanderbilt,S,,462217.8
Richie Hoskins,Vanderbilt,WR,,871679.1
Nick Rinaldi,Vanderbilt,MLB,,377884.38
Bryan Longwell,Vanderbilt,MLB,,74637.11
Emmanuel Adebi,Vanderbilt,TE,,326003.0
Chance Fitzgerald,Vanderbilt,WR,,492536.34
Brycen Coleman,Vanderbilt,TE,,427806.16
Blaze Berlowitz,Vanderbilt,QB,,3.7887745e+06
Whit Muschamp,Vanderbilt,QB,,4.237209e+06
Jamison Curtis,Vanderbilt,MLB,,174284.83
Dontae Carter,Vanderbilt,S,,156975.14
Witt Edwards,Vanderbilt,TE,,99669.164
Joseph McVay,Vanderbilt,WR,,375841.16
Carson Lawrence,Vanderbilt,S,,198585.75
Tate Hamby,Vanderbilt,MLB,,248463.83
Tristen Brown,Vanderbilt,WR,,656561.06
Derek Kee,Vanderbilt,WR,,492536.34
Payne Daniel,Vanderbilt,S,,722036.9
Ty Bartholomew,Vanderbilt,MLB,,399137.3
Gabe Fisher,Vanderbilt,TE,,146043.05
Claiborne Richards,Vanderbilt,WR,,492536.34
Trent Hudson,Vanderbilt,WR,,1.574511e+06
Josiah Broxton,Vanderbilt,MLB,,198265.56
Jack Elliott,Vanderbilt,QB,,3.3739442e+06
Lebron Hill,Vanderbilt,WR,,320613.5
Cameran Dickson,Vanderbilt,TE,,90169.46
Davin Chandler,Vanderbilt,S,,336137.28
Jeremy St-Hilaire,Vanderbilt,QB,,4.1907288e+06
Thomas Jones,Vanderbilt,S,,409803.38
Ty Burd,Vanderbilt,WR,,492536.34
Brail Lipford,Vanderbilt,S,,1.6340549e+06
Larry Benton III,Vanderbilt,TE,,99669.164
Boski Barrett,Vanderbilt,WR,,361661.47
Vanzale Hinton,Vanderbilt,S,,251148.23
Kayleb Barnett,Vanderbilt,WR,,335624.75
Elijah Rooney,Vanderbilt,TE,,99669.164
Tre Richardson,Vanderbilt,WR,,3.9057415e+06
Austin Howard,Vanderbilt,MLB,,117322.73
Ryder Brownstein,Vanderbilt,WR,,320613.5
Wils Jackson,Vanderbilt,WR,,320613.5
